oec_n:viewed:alert-email,0.00012420817289777666
oec_n:updated-pref-externallinkurl,0.0028567879766488633
oec_n:loaded-manager,0.8474723636815302
oec_n:!error-cant-feature-media,0.008073531238355483
oec_n:incoming_message,0.03465408023847969
oec_n:opened:uploader,0.42044466525897406
oec_n:!error-uploading,0.01304185815426655
oec_n:media-feature,0.31275617935660166
oec_n:outgoing_message,0.011675568252391008
oec_n:opened:add-video,0.026332132654328655
oec_n:updated-pref-linkedinurl,0.04893802012172401
oec_n:opened media-editor,0.03403303937399081
oec_n:*viewed:media,0.010681902869208794
oec_n:!error-one-feature-video-only,0.0028567879766488633
oec_n:updated-pref-fotomotoid,0.003105204322444417
oec_n:opened:add-document,0.05117376723388399
oec_n:media-unfeature,0.21761271891690473
oec_n:gallery-reorder,0.5258974040491864
oec_n:help,0.0027325798037510867
oec_n:domain_purchase,0.0016147062476710968
oec_n:password-forgot,0.042106570612346295
oec_n:media-edit,0.160725375729723
oec_n:opened gallery-editor,0.020245932182337598
oec_n:gallery-create,0.45398087194137376
oec_n:gallery-edit,0.4451620916656316
oec_n:loaded-settings,0.13911315364550988
oec_n:password-changed,0.039746615327288536
oec_n:opened:media-editor,0.3841758787728233
oec_n:!error-linking-document,0.10508011427151906
oec_n:deleted,0.008073531238355483
oec_n:avatar-upload,0.3147435101229661
oec_n:register,1.0
oec_n:loaded-theme-switcher,0.08582784747236367
oec_n:gallery-delete,0.25065209290771334
oec_n:free_domain_claim,0.0022357471121599803
oec_n:opened:gallery-editor,0.23239349149174016
oec_n:deleted-survey,0.0011178735560799901
oec_n:emailforwarding-failed,0.00012420817289777666
oec_n:updated-pref-googleanalyticsid,0.003850453359831077
oec_n:updated-pref-ownerbiotext,0.24903738666004224
oec_n:opened uploader,0.04583281579927959
oec_n:updated-pref-externallinkname,0.0028567879766488633
oec_n:*viewed:page,0.011923984598186561
oec_n:support,0.0007452490373866601
oec_n:opened:upload-image,0.1511613464165942
oec_n:theme-changed,0.3741150167681033
oec_n:!error-linking-video,0.0393739908085952
oec_n:updated-pref-twitterurl,0.07117128307042603
oec_n:media-upload,0.7939386411625885
oec_n:updated-pref-facebookurl,0.08458576574338592
oec_n:updated-pref-contactemail,0.03403303937399081
oec_n:media-delete,0.46615327288535585
oec_n:updated-pref-websiteurl,0.05490001242081729
oec_n:avatar-delete,0.023723761023475346
oec_n:outgoing_email,0.005837784126195504
