-0.98416499824716541,oec_n:register
-0.89943633695481762,oec_n:free_domain_claim
-0.85046892175751188,oec_n:emailforwarding-failed
-0.65374682305029064,oec_n:!error-one-feature-video-only
-0.39454963153992606,oec_n:deleted-survey
-0.29519323824576643,oec_n:help
-0.28568289713636758,oec_n:avatar-delete
-0.27774330596978736,oec_n:updated-pref-linkedinurl
-0.25010234056167019,oec_n:updated-pref-twitterurl
-0.24477966932866205,oec_n:!error-uploading
-0.20266059232895564,oec_n:gallery-delete
-0.20137820068683404,oec_n:!error-cant-feature-media
-0.11390905249441499,oec_n:support
-0.1134696182323664,oec_n:opened:add-document
-0.096109170592631174,oec_n:viewed:alert-email
-0.090574057482747689,oec_n:password-forgot
-0.048028457635798286,oec_n:updated-pref-googleanalyticsid
-0.042797319194524286,oec_n:loaded-theme-switcher
-0.041888457317486909,oec_n:updated-pref-ownerbiotext
-0.039017959166344242,oec_n:media-unfeature
-0.034161031509238438,oec_n:opened uploader
-0.017248782925206485,oec_n:!error-linking-video
-0.0099380557087187776,oec_n:media-delete
-0.0045377506611251504,oec_n:opened:gallery-editor
-0.0026538512528473373,oec_n:opened:uploader
-0.0022762084239633298,oec_n:opened media-editor
-0.00077255478218572239,oec_n:media-edit
-0.0001686241902262734,oec_n:*viewed:media
-6.683930862070835e-05,oec_n:opened:media-editor
0.00035636356928840901,avg_per_day_events_n
0.00039683124431050113,avg_length_session_m
0.0013145740317945325,avg_time_between_session_h
0.0027568162324999434,oec_n:gallery-reorder
0.0040445680914726351,oec_n:loaded-manager
0.0052559441973294881,oec_n:gallery-edit
0.011118699490866749,oec_n:opened:upload-image
0.017201355770735033,oec_n:media-upload
0.018495714462628359,oec_n:updated-pref-contactemail
0.022477011506731748,oec_n:opened gallery-editor
0.038008051125538254,oec_n:*viewed:page
0.03815788285813445,oec_n:media-feature
0.03946196262325026,oec_n:loaded-settings
0.041826806582436399,oec_n:opened:add-video
0.050061113522398719,oec_n:updated-pref-facebookurl
0.055345148428270832,oec_n:updated-pref-websiteurl
0.060617578179303008,avg_per_day_session_n
0.087550998955120543,oec_n:gallery-create
0.095923077530031126,oec_n:!error-linking-document
0.107475198129957,oec_n:incoming_message
0.11502500537940516,oec_n:theme-changed
0.14350605892202509,oec_n:avatar-upload
0.21934327278518845,oec_n:password-changed
0.29124150484180539,oec_n:deleted
0.57036746515152392,oec_n:updated-pref-fotomotoid
0.57588789913762173,oec_n:outgoing_message
0.72349121682214601,oec_n:updated-pref-externallinkname
0.72349121682214601,oec_n:updated-pref-externallinkurl
0.76355291684067494,oec_n:outgoing_email
0.77710362440146996,oec_n:domain_purchase
