-1.2666271369736759,ssec_n:!error-one-feature-video-only
-1.1728470727602061,ssec_n:!error-uploading
-1.1600587395246877,fsec_n:register
-0.74933695219450114,ssec_n:emailforwarding-failed
-0.67902792413332758,fsec_n:help
-0.67536480426131207,ssec_n:free_domain_claim
-0.61264037991314524,ssec_n:avatar-delete
-0.48291387350923709,ssec_n:updated-pref-googleanalyticsid
-0.39924651040431308,fsec_n:updated-pref-contactemail
-0.39506699649665245,fsec_n:updated-pref-twitterurl
-0.36348112336644278,ssec_n:updated-pref-linkedinurl
-0.35156776103155601,ssec_n:deleted
-0.27745175468409444,ssec_n:deleted-survey
-0.25235721705304837,ssec_n:gallery-delete
-0.22858407374920287,fsec_n:!error-linking-video
-0.1962065307366288,fsec_n:gallery-delete
-0.18555294636056224,fsec_n:updated-pref-linkedinurl
-0.1706023375302847,fsec_n:*viewed:page
-0.15663768698740443,fsec_n:deleted-survey
-0.15407335807136258,fsec_n:*viewed:media
-0.14568624731612859,ssec_n:opened:add-document
-0.14560525099126481,fsec_n:!error-cant-feature-media
-0.12870383712041733,ssec_n:opened gallery-editor
-0.1255588021372139,ssec_n:!error-cant-feature-media
-0.11969042048212233,ssec_n:opened uploader
-0.11781324305937894,fsec_n:updated-pref-ownerbiotext
-0.11699049662854531,ssec_n:support
-0.099594577935291903,ssec_n:password-forgot
-0.094877883466593788,ssec_n:updated-pref-fotomotoid
-0.091516649073229095,fsec_n:opened:add-document
-0.07667418759760404,fsec_n:loaded-theme-switcher
-0.063142300146295183,fsec_n:opened:add-video
-0.060188194341525676,ssec_n:viewed:alert-email
-0.056836759328789691,ssec_n:updated-pref-ownerbiotext
-0.055060030958571093,ssec_n:updated-pref-externallinkname
-0.055060030958571093,ssec_n:updated-pref-externallinkurl
-0.044127434675164431,ssec_n:media-unfeature
-0.028146072409202579,fsec_n:free_domain_claim
-0.019739188132025652,fsec_n:opened media-editor
-0.018525124649348582,ssec_n:register
-0.015953459639106656,ssec_n:media-delete
-0.015725508166620057,fsec_n:media-unfeature
-0.011227081445265685,fsec_n:opened:uploader
-0.010063587043131095,fsec_n:media-edit
-0.0075822490175362399,fsec_n:opened uploader
-0.0062345753795958227,ssec_n:gallery-edit
-0.0061439183177867621,ssec_n:opened:uploader
-0.0053456262276305481,ssec_n:opened:gallery-editor
-0.0038992632605191297,fsec_n:opened:media-editor
-0.0031271098644725451,fsec_n:!error-uploading
-0.0019839688756702967,ssec_n:media-edit
0.00048504970703111691,fsec_n:opened:upload-image
0.00053126162736731423,ssec_n:*viewed:media
0.00055599390391025227,ssec_n:loaded-manager
0.00056428503406394642,avg_per_day_events_n
0.00059736350199265996,avg_length_session_m
0.00065948959969133834,fsec_n:media-delete
0.0011187586817638241,ssec_n:opened:media-editor
0.0013311922697708039,avg_time_between_session_h
0.0027435206021289332,ssec_n:gallery-reorder
0.0047678003565063626,fsec_n:gallery-reorder
0.011872318661123692,fsec_n:media-upload
0.013663296098849882,fsec_n:!error-linking-document
0.014944261842486414,ssec_n:opened:upload-image
0.015082020608050898,fsec_n:loaded-settings
0.016387836844817854,ssec_n:opened media-editor
0.023019272338733843,ssec_n:updated-pref-twitterurl
0.023839618212771224,ssec_n:media-upload
0.025433646588476327,fsec_n:loaded-manager
0.030139867385444784,ssec_n:updated-pref-facebookurl
0.030271162117941813,fsec_n:opened:gallery-editor
0.032598795309323719,fsec_n:gallery-edit
0.03703431035523836,fsec_n:media-feature
0.040759379065957453,ssec_n:*viewed:page
0.040844597474339897,ssec_n:media-feature
0.046005735143637712,ssec_n:loaded-theme-switcher
0.046611102966571796,fsec_n:opened gallery-editor
0.051418513141008884,ssec_n:loaded-settings
0.058438439148754823,fsec_n:gallery-create
0.059238564974573825,avg_per_day_session_n
0.060987857260723574,ssec_n:password-changed
0.065800632188824301,fsec_n:updated-pref-facebookurl
0.078289507704783046,ssec_n:theme-changed
0.081354805757121909,ssec_n:opened:add-video
0.082271586975270317,ssec_n:incoming_message
0.085799600200861151,fsec_n:avatar-upload
0.09393541763339025,ssec_n:gallery-create
0.11763863336974668,fsec_n:theme-changed
0.11888807416392838,ssec_n:!error-linking-video
0.12792729414509754,fsec_n:updated-pref-websiteurl
0.13624242129218331,ssec_n:updated-pref-websiteurl
0.15758919954313835,ssec_n:!error-linking-document
0.1818819081724582,fsec_n:updated-pref-googleanalyticsid
0.19015514653216778,ssec_n:updated-pref-contactemail
0.22107608516846267,ssec_n:help
0.22222713708647504,fsec_n:avatar-delete
0.24143051701682175,ssec_n:avatar-upload
0.25070354294166342,fsec_n:deleted
0.3089416224182317,fsec_n:incoming_message
0.31949262685655866,fsec_n:password-forgot
0.39836245428182865,ssec_n:outgoing_message
0.40357154044609367,fsec_n:!error-one-feature-video-only
0.50495931088979673,ssec_n:outgoing_email
0.5268854296046207,fsec_n:domain_purchase
0.55987630175889869,fsec_n:outgoing_message
0.57510453160052388,fsec_n:password-changed
0.63984091051314074,fsec_n:updated-pref-fotomotoid
0.70472336786922196,fsec_n:updated-pref-externallinkname
0.70472336786922196,fsec_n:updated-pref-externallinkurl
0.91468378087545343,fsec_n:outgoing_email
1.0723920521107704,ssec_n:domain_purchase
