-1.1012262662258385,ssec_n:!error-uploading
-0.96173577876278094,ssec_n:!error-one-feature-video-only
-0.8066486116147944,ssec_n:avatar-delete
-0.62621738589169418,fsec_n:register
-0.6184346752705614,ssec_n:!error-cant-feature-media
-0.56790900658802157,fsec_n:!error-cant-feature-media
-0.56666302276815583,fsec_n:updated-pref-twitterurl
-0.52847818095147103,ssec_n:updated-pref-websiteurl
-0.48422570161757578,fsec_n:updated-pref-websiteurl
-0.45318686017964005,ssec_n:updated-pref-linkedinurl
-0.43088045208412762,fsec_n:help
-0.41931052166328892,ssec_n:deleted
-0.37865284334657467,ssec_n:emailforwarding-failed
-0.35644638759407005,fsec_n:incoming_message
-0.33570608195111196,tbfe_n:updated-pref-externallinkname
-0.33570608195111196,tbfe_n:updated-pref-externallinkurl
-0.2969121591128292,fsec_n:updated-pref-linkedinurl
-0.26944821412597086,fsec_n:avatar-delete
-0.25263033172649274,ssec_n:gallery-delete
-0.24768756169709086,ssec_n:password-changed
-0.23104234337542245,ssec_n:outgoing_message
-0.22530558873932197,fsec_n:gallery-delete
-0.19541393157761794,ssec_n:deleted-survey
-0.16414270360942976,ssec_n:updated-pref-googleanalyticsid
-0.15184077434190715,fsec_n:updated-pref-contactemail
-0.14843879025460316,ssec_n:incoming_message
-0.12934610971349911,tbfe_n:viewed:alert-email
-0.12493601063232856,fsec_n:!error-linking-video
-0.1248483945245802,ssec_n:opened uploader
-0.12263625603154041,ssec_n:updated-pref-fotomotoid
-0.11590765033248382,ssec_n:updated-pref-externallinkname
-0.11590765033248382,ssec_n:updated-pref-externallinkurl
-0.11420324157109138,fsec_n:loaded-theme-switcher
-0.1054392242075575,fsec_n:*viewed:media
-0.10477100759673894,fsec_n:*viewed:page
-0.10121390667642141,fsec_n:outgoing_message
-0.098494747789917778,tbfe_n:domain_purchase
-0.098401820050695726,ssec_n:opened:add-document
-0.089655667020705654,tbfe_n:opened gallery-editor
-0.086258584108060296,fsec_n:opened:add-video
-0.078973787951986452,tbfe_n:emailforwarding-failed
-0.075933735962045348,fsec_n:!error-uploading
-0.072186274291773933,fsec_n:deleted-survey
-0.070661441391817653,tbfe_n:updated-pref-fotomotoid
-0.067502915682584985,ssec_n:support
-0.067301683759391648,ssec_n:opened gallery-editor
-0.064151820591363623,ssec_n:password-forgot
-0.064098124340085161,tbfe_n:!error-cant-feature-media
-0.042852752391417143,ssec_n:media-unfeature
-0.03369112582021376,ssec_n:viewed:alert-email
-0.033304579762111382,ssec_n:updated-pref-twitterurl
-0.030732860920066829,fsec_n:opened:add-document
-0.021854522878960201,ssec_n:media-delete
-0.018865139479649452,fsec_n:loaded-settings
-0.018521699759033956,ssec_n:gallery-edit
-0.016417976226896634,tbfe_n:outgoing_message
-0.014007061597488822,fsec_n:media-delete
-0.013175840068849871,tbfe_n:opened:add-video
-0.012440433146215318,ssec_n:updated-pref-ownerbiotext
-0.011026374267763296,fsec_n:opened:uploader
-0.01100867184327047,fsec_n:media-unfeature
-0.01012799591520386,ssec_n:register
-0.009628617419897692,tbfe_n:opened:gallery-editor
-0.0079503642890458529,tbfe_n:incoming_message
-0.0078989106951738476,tbfe_n:!error-uploading
-0.0074165439036062734,tbfe_n:outgoing_email
-0.0059235905909822452,tbfe_n:avatar-delete
-0.0056291025966580107,tbfe_n:loaded-settings
-0.0054748547799947818,tbfe_n:updated-pref-websiteurl
-0.0052883355254357599,tbfe_n:*viewed:page
-0.0052401385227190921,ssec_n:opened:uploader
-0.0051672721774482693,ssec_n:free_domain_claim
-0.0050091612756786802,fsec_n:free_domain_claim
-0.0049744555977315787,ssec_n:opened:gallery-editor
-0.0040940990897017568,tbfe_n:theme-changed
-0.0038983016423052791,tbfe_n:gallery-edit
-0.0038199325122113778,fsec_n:opened:media-editor
-0.003694649470429225,fsec_n:media-edit
-0.0034525310621133475,tbfe_n:password-changed
-0.0031970357217585418,tbfe_n:password-forgot
-0.002950470555633695,tbfe_n:media-feature
-0.0027080537699852498,fsec_n:opened:gallery-editor
-0.0024564495144286267,tbfe_n:deleted
-0.0024355035770589621,tbfe_n:updated-pref-twitterurl
-0.0020617923638240891,tbfe_n:media-unfeature
-0.0016409605647665013,fsec_n:opened media-editor
-0.0014781467896556849,tbfe_n:gallery-create
-0.0014175092610345533,tbfe_n:updated-pref-linkedinurl
-0.0011601715444575381,tbfe_n:gallery-delete
-0.0010310337705184546,tbfe_n:loaded-manager
-0.0004280392083444559,tbfe_n:loaded-theme-switcher
-0.00032140189957513944,fsec_n:opened gallery-editor
-9.8315052989231733e-05,tbfe_n:opened:media-editor
0.00056215195768057101,avg_per_day_events_n
0.00073435577695267929,avg_length_session_m
0.00093341593985877245,ssec_n:media-edit
0.00095068486234855078,ssec_n:opened:media-editor
0.0014742057293871411,tbfe_n:avatar-upload
0.0014919671921664825,avg_time_between_session_h
0.0018495989581165558,tbfe_n:media-delete
0.0019983895105578301,tbfe_n:!error-linking-video
0.0024372169582000634,tbfe_n:media-edit
0.0025530384977690097,tbfe_n:!error-linking-document
0.002659390699556406,ssec_n:loaded-manager
0.0030668061275397709,ssec_n:gallery-reorder
0.0032099926828135991,ssec_n:loaded-theme-switcher
0.0038568577855714482,fsec_n:gallery-reorder
0.0043487670584784902,tbfe_n:opened:uploader
0.0048773716845085359,tbfe_n:updated-pref-contactemail
0.0050771860184214606,tbfe_n:gallery-reorder
0.0056674024114299311,tbfe_n:opened:add-document
0.0056795368091845065,ssec_n:*viewed:media
0.0068336088777101647,tbfe_n:updated-pref-ownerbiotext
0.0078623428537539682,tbfe_n:opened:upload-image
0.0083001109338650594,tbfe_n:*viewed:media
0.0083592003187521208,tbfe_n:updated-pref-facebookurl
0.011249311168410872,fsec_n:opened:upload-image
0.016125277323269585,fsec_n:updated-pref-ownerbiotext
0.02117329774916276,fsec_n:media-feature
0.021326084246043295,ssec_n:*viewed:page
0.022138620429074059,ssec_n:opened:upload-image
0.022889279466473934,fsec_n:media-upload
0.023067268654014539,ssec_n:opened media-editor
0.023143078383393165,fsec_n:gallery-edit
0.025976447476655264,tbfe_n:media-upload
0.029885202147278616,ssec_n:media-upload
0.031056995828043103,fsec_n:loaded-manager
0.031102851731211422,tbfe_n:help
0.032240785475510139,tbfe_n:free_domain_claim
0.034072529846415386,ssec_n:loaded-settings
0.037232746886716975,fsec_n:gallery-create
0.037694984947039635,fsec_n:theme-changed
0.039025167321632317,ssec_n:theme-changed
0.041986210093731623,ssec_n:media-feature
0.047299960853056627,avg_per_day_session_n
0.051717377818352325,fsec_n:updated-pref-fotomotoid
0.059932218670365564,fsec_n:updated-pref-googleanalyticsid
0.060424108447313697,ssec_n:opened:add-video
0.061162005524787462,fsec_n:opened uploader
0.072075965039191933,tbfe_n:!error-one-feature-video-only
0.075981769711518612,ssec_n:gallery-create
0.08381352158478983,fsec_n:updated-pref-externallinkname
0.08381352158478983,fsec_n:updated-pref-externallinkurl
0.088615561231371556,fsec_n:!error-linking-document
0.096439511501281772,tbfe_n:support
0.12261271402095825,ssec_n:domain_purchase
0.13159041573628433,fsec_n:avatar-upload
0.13544492872016584,tbfe_n:opened uploader
0.16003846458736301,fsec_n:domain_purchase
0.16732082350385302,tbfe_n:opened media-editor
0.17035926281454503,fsec_n:password-forgot
0.17184453806827354,ssec_n:!error-linking-video
0.18077017288175032,ssec_n:!error-linking-document
0.19657890721679952,fsec_n:deleted
0.27260632160429099,tbfe_n:updated-pref-googleanalyticsid
0.28957383943279907,ssec_n:avatar-upload
0.2987674580316268,ssec_n:outgoing_email
0.35264034206360267,fsec_n:password-changed
0.38083590513981536,ssec_n:updated-pref-contactemail
0.43386772435400783,ssec_n:help
0.44947456384765333,tbfe_n:deleted-survey
0.49450805854664553,ssec_n:updated-pref-facebookurl
0.57918837832595171,fsec_n:outgoing_email
0.61207024229597451,fsec_n:updated-pref-facebookurl
0.82555635361623814,fsec_n:!error-one-feature-video-only
